/*
SQLyog Ultimate v12.09 (64 bit)
MySQL - 5.5.28 : Database - itcaststore
*********************************************************************
*/

/*!40101 SET NAMES utf8 */;

/*!40101 SET SQL_MODE=''*/;

/*!40014 SET @OLD_UNIQUE_CHECKS=@@UNIQUE_CHECKS, UNIQUE_CHECKS=0 */;
/*!40014 SET @OLD_FOREIGN_KEY_CHECKS=@@FOREIGN_KEY_CHECKS, FOREIGN_KEY_CHECKS=0 */;
/*!40101 SET @OLD_SQL_MODE=@@SQL_MODE, SQL_MODE='NO_AUTO_VALUE_ON_ZERO' */;
/*!40111 SET @OLD_SQL_NOTES=@@SQL_NOTES, SQL_NOTES=0 */;
CREATE DATABASE /*!32312 IF NOT EXISTS*/`itcaststore` /*!40100 DEFAULT CHARACTER SET utf8 */;

USE `itcaststore`;

/*Table structure for table `notice` */

DROP TABLE IF EXISTS `notice`;

CREATE TABLE `notice` (
  `n_id` int(11) NOT NULL AUTO_INCREMENT,
  `title` varchar(10) DEFAULT NULL,
  `details` varchar(255) DEFAULT NULL,
  `n_time` varchar(18) DEFAULT NULL,
  PRIMARY KEY (`n_id`)
) ENGINE=InnoDB AUTO_INCREMENT=3 DEFAULT CHARSET=utf8;

/*Data for the table `notice` */

insert  into `notice`(`n_id`,`title`,`details`,`n_time`) values (1,'暂停当日达业务','尊敬的网上书城用户， 　　<br>\r\n　　为了让大家有更好的购物体验，3月25日起，当日达业务关小黑屋回炉升级！<br>具体开放时间请留意公告，感谢大家的支持与理解，祝大家购物愉快！<br>\r\n3月23日<br>\r\n传智播客 网上书城系统管理部<br>','20160111113420'),(2,'年货礼包兑换时间通知','尊敬的网上书城用户：\r\n    非常抱歉，因为年后部分供应商工厂开工较晚，导致个别商品到货延迟。\r\n    基于此，15年年货礼包的兑换入口会延期到3月17日，请您在有效期内完成兑换。\r\n    以下礼包预计本周四，即3月12日到货。造成不便深表歉意，敬请谅解。','20160111113411');

/*Table structure for table `orderitem` */

DROP TABLE IF EXISTS `orderitem`;

CREATE TABLE `orderitem` (
  `order_id` varchar(100) NOT NULL DEFAULT '',
  `product_id` varchar(100) NOT NULL DEFAULT '',
  `buynum` int(11) DEFAULT NULL,
  PRIMARY KEY (`order_id`,`product_id`)
) ENGINE=InnoDB DEFAULT CHARSET=utf8;

/*Data for the table `orderitem` */

insert  into `orderitem`(`order_id`,`product_id`,`buynum`) values ('0f70dc08-78d2-457d-bea0-2d6cb0687824','3a0196b2-71c1-4d4d-a4e8-d1f875096f00',2),('1f68db4d-cec8-4f01-9c20-06ece2ae6cae','27551ae7-8ef6-4af2-8a99-9a24c0e40e72',1),('22772124-87c1-43ff-af58-bb8509541641','84c842da-16b6-4e87-953e-859a1ca62bab',1),('256a519c-a967-4fb3-80c3-732702265960','84c842da-16b6-4e87-953e-859a1ca62bab',1),('28909796-8cbc-4925-ab0a-edfaad71fc7f','cb22386f-0b77-454c-976f-d6417ad72613',1),('2b78d6bb-850e-484d-b910-0248db053fa8','3a0196b2-71c1-4d4d-a4e8-d1f875096f00',2),('2f7b4993-af79-48af-9f30-78fb25c91087','3a0196b2-71c1-4d4d-a4e8-d1f875096f00',1),('2f7b4993-af79-48af-9f30-78fb25c91087','8c19d2e2-1020-425d-aeeb-56d3c1bc0a81',1),('305a7870-3820-4079-b6f9-5d2b63cbcd2a','72c52302-cd1e-4a22-8ac8-dc300a915be5',1),('32044de0-2080-44e9-9499-8e54992cae75','84c842da-16b6-4e87-953e-859a1ca62bab',1),('32e5fc52-01a9-4f2c-b208-d26a5f870f76','3cdd01d2-95d4-4077-b512-ff4c3b340d6b',1),('32e5fc52-01a9-4f2c-b208-d26a5f870f76','c85d68d3-5758-494e-8dcf-f4f84d852949',1),('3726dc9e-2d81-4fd2-b146-76f353179720','8c19d2e2-1020-425d-aeeb-56d3c1bc0a81',1),('3a9b0aa6-6a35-48d1-903d-891e8a34c13c','26ddd0c6-d7f2-4a83-b01b-286bb8c38420',1),('3d3a836a-13bf-4730-b2f3-02513baaf81b','3a0196b2-71c1-4d4d-a4e8-d1f875096f00',1),('492e9e12-b624-4b54-a4a6-9172c87a2e68','84c842da-16b6-4e87-953e-859a1ca62bab',1),('492e9e12-b624-4b54-a4a6-9172c87a2e68','8740bee0-bfb8-4ba1-8f6e-b69310617db9',1),('4b0679bd-857e-46bc-90b1-f91e4cb82e8f','26ddd0c6-d7f2-4a83-b01b-286bb8c38420',1),('4cd01465-1dcb-4595-809c-f54a51b23962','26ddd0c6-d7f2-4a83-b01b-286bb8c38420',1),('4f1a50c4-bf93-48af-93e8-d91d2d37ab6f','84c842da-16b6-4e87-953e-859a1ca62bab',1),('55ad6f8b-e223-4b59-819b-95a641ef6120','bf66a00c-4a78-458b-93c8-08896ee14976',1),('5b6da5b4-11b0-45f2-a3c7-daa19f94ec8d','8740bee0-bfb8-4ba1-8f6e-b69310617db9',1),('5e216740-b3fb-4ab4-ba3a-f1644d9accdf','4dbac6bb-ac2a-4ea0-a62f-ea5a2fc2b3c2',1),('611f80fa-4273-4674-be09-9530b6276e15','84c842da-16b6-4e87-953e-859a1ca62bab',1),('65264e0d-9063-481e-8f79-324a1524bc59','adc06981-0dc9-4006-b763-e6413ee93ac1',1),('661a8310-244c-4dfd-bb09-d56c76b4b8dd','3a0196b2-71c1-4d4d-a4e8-d1f875096f00',1),('677a7314-0e16-4e18-8aec-552f848e0d75','3a0196b2-71c1-4d4d-a4e8-d1f875096f00',1),('677a7314-0e16-4e18-8aec-552f848e0d75','bf66a00c-4a78-458b-93c8-08896ee14976',1),('6f591522-7a2a-4a31-899d-ef1181c72f5f','9a7af97e-deea-417e-ad66-23ea755d2a51',1),('77cd8758-e40d-41c1-8925-d6fb117a15b1','84c842da-16b6-4e87-953e-859a1ca62bab',1),('78a16534-c5d2-4621-b257-aeeb590f5253','3a0196b2-71c1-4d4d-a4e8-d1f875096f00',1),('7ae96e6d-4600-41a5-bc5d-143b34ba61db','bdb32537-8f2c-4ba2-a752-94fdc0e9a250',1),('80ea5e1e-7b29-4c38-920a-e4400b4d308c','72c52302-cd1e-4a22-8ac8-dc300a915be5',1),('8670548e-4cff-4251-a850-c8a3eb73b642','72c52302-cd1e-4a22-8ac8-dc300a915be5',1),('9323d4f5-0b9c-4329-9ade-b42154be3622','adc06981-0dc9-4006-b763-e6413ee93ac1',1),('937b26bf-06fe-4004-a8db-6745bb0bad59','26ddd0c6-d7f2-4a83-b01b-286bb8c38420',1),('937b26bf-06fe-4004-a8db-6745bb0bad59','27551ae7-8ef6-4af2-8a99-9a24c0e40e72',1),('937b26bf-06fe-4004-a8db-6745bb0bad59','3a0196b2-71c1-4d4d-a4e8-d1f875096f00',1),('937b26bf-06fe-4004-a8db-6745bb0bad59','3cdd01d2-95d4-4077-b512-ff4c3b340d6b',1),('964fb6fd-1526-4b25-b991-3b4577c6824a','adc06981-0dc9-4006-b763-e6413ee93ac1',1),('97471645-8aed-48c2-811f-46970ac0eea6','3a0196b2-71c1-4d4d-a4e8-d1f875096f00',1),('9757b26a-4f69-4898-9489-55e7335efb93','cb22386f-0b77-454c-976f-d6417ad72613',1),('9bee94f5-cbef-4eb0-a664-001568ca94d0','84c842da-16b6-4e87-953e-859a1ca62bab',1),('a238473e-3b1d-4205-8e8e-d4af1c6e76d4','27551ae7-8ef6-4af2-8a99-9a24c0e40e72',1),('a238473e-3b1d-4205-8e8e-d4af1c6e76d4','3a0196b2-71c1-4d4d-a4e8-d1f875096f00',1),('a5bfb13d-9085-4374-94d9-4864b4d618ab','9a7af97e-deea-417e-ad66-23ea755d2a51',1),('a5fe6f47-e533-46e5-8e99-18a010d10d37','bdb32537-8f2c-4ba2-a752-94fdc0e9a250',1),('ad49e444-5276-448c-aa70-9db333862ae1','3a0196b2-71c1-4d4d-a4e8-d1f875096f00',1),('bbd5b199-e85a-49e4-b0fa-637840205757','8c19d2e2-1020-425d-aeeb-56d3c1bc0a81',1),('bcec4100-59af-4480-8530-a5ff024432ac','cb22386f-0b77-454c-976f-d6417ad72613',1),('bf2f5230-b98e-4db0-b785-d5e037351495','84c842da-16b6-4e87-953e-859a1ca62bab',1),('c0b4ef87-743f-45b6-9084-ba5ef18a30be','84c842da-16b6-4e87-953e-859a1ca62bab',1),('c33689dc-6d63-4d04-86a5-0cad14264636','84c842da-16b6-4e87-953e-859a1ca62bab',1),('c4b2bfff-1694-4e28-bcf8-fa7169bfc978','3a0196b2-71c1-4d4d-a4e8-d1f875096f00',2),('c4b2bfff-1694-4e28-bcf8-fa7169bfc978','79bbe618-d2f8-4081-b35a-62ebbe938b64',2),('c6cb84c2-3e27-43d9-9924-ea1f2fbd7d58','4dbac6bb-ac2a-4ea0-a62f-ea5a2fc2b3c2',1),('c7f44702-f69d-4451-b496-5079478c3d72','84c842da-16b6-4e87-953e-859a1ca62bab',1),('cb050414-0f5b-4589-80a0-53b07054a85c','adc06981-0dc9-4006-b763-e6413ee93ac1',1),('cfd22622-357a-4def-9a25-c2fa12336a21','c85d68d3-5758-494e-8dcf-f4f84d852949',1),('d19d8338-e0ee-4319-8095-dda74f85453b','27551ae7-8ef6-4af2-8a99-9a24c0e40e72',1),('d1a0fc5f-257a-40b7-b8dd-4f66f34ab4f7','3a0196b2-71c1-4d4d-a4e8-d1f875096f00',1),('d49d68e5-9047-4a95-9578-ec04d114632f','bdb32537-8f2c-4ba2-a752-94fdc0e9a250',1),('d530010c-c162-4019-a6e4-3d0c8821fd21','4dbac6bb-ac2a-4ea0-a62f-ea5a2fc2b3c2',1),('d87a7046-477c-4229-900a-ac667c6be12e','27551ae7-8ef6-4af2-8a99-9a24c0e40e72',1),('d87a7046-477c-4229-900a-ac667c6be12e','bdb32537-8f2c-4ba2-a752-94fdc0e9a250',1),('d88d75cd-15e3-4622-801d-4cad902aeaa1','3cdd01d2-95d4-4077-b512-ff4c3b340d6b',1),('da5d5b3d-8523-4976-b67a-4db49af85b03','c85d68d3-5758-494e-8dcf-f4f84d852949',1),('dbca68cc-3b3f-454d-9974-ecf9534be5e7','26ddd0c6-d7f2-4a83-b01b-286bb8c38420',1),('e4e5fc08-dea0-494b-930d-94749c77da58','27551ae7-8ef6-4af2-8a99-9a24c0e40e72',1),('e4e5fc08-dea0-494b-930d-94749c77da58','4dbac6bb-ac2a-4ea0-a62f-ea5a2fc2b3c2',1),('eb85f705-88be-4f61-8e39-3107a41ff2d9','3a0196b2-71c1-4d4d-a4e8-d1f875096f00',1),('eb85f705-88be-4f61-8e39-3107a41ff2d9','79bbe618-d2f8-4081-b35a-62ebbe938b64',1),('ef4232e5-09fe-4eb0-884a-fe6c1b58a27d','3a0196b2-71c1-4d4d-a4e8-d1f875096f00',1),('f43edf62-2613-4504-8a47-33d382ff98ea','26ddd0c6-d7f2-4a83-b01b-286bb8c38420',1),('f7724e61-ac11-493d-8229-5fc595a2b890','72c52302-cd1e-4a22-8ac8-dc300a915be5',1),('f87f3def-581c-471d-9251-b6e503b5be8c','27551ae7-8ef6-4af2-8a99-9a24c0e40e72',1),('f8e5a589-29bd-428e-9d2f-3ebe5a2db8cb','84c842da-16b6-4e87-953e-859a1ca62bab',1),('fa93fb38-58b7-4f00-b736-5d1dbb93da3b','8740bee0-bfb8-4ba1-8f6e-b69310617db9',1),('fdb4bab0-8a70-4207-ae92-1b616f279b5a','cb22386f-0b77-454c-976f-d6417ad72613',1),('ff308e2c-fe73-437f-89b2-4e1baf1b5a6d','8c19d2e2-1020-425d-aeeb-56d3c1bc0a81',1);

/*Table structure for table `orders` */

DROP TABLE IF EXISTS `orders`;

CREATE TABLE `orders` (
  `id` varchar(100) NOT NULL,
  `money` double DEFAULT NULL,
  `receiverAddress` varchar(255) DEFAULT NULL,
  `receiverName` varchar(20) DEFAULT NULL,
  `receiverPhone` varchar(20) DEFAULT NULL,
  `paystate` int(11) DEFAULT '0',
  `ordertime` timestamp NOT NULL DEFAULT CURRENT_TIMESTAMP ON UPDATE CURRENT_TIMESTAMP,
  `user_id` int(11) DEFAULT NULL,
  PRIMARY KEY (`id`)
) ENGINE=InnoDB DEFAULT CHARSET=utf8;

/*Data for the table `orders` */

insert  into `orders`(`id`,`money`,`receiverAddress`,`receiverName`,`receiverPhone`,`paystate`,`ordertime`,`user_id`) values ('0f70dc08-78d2-457d-bea0-2d6cb0687824',40,'Z西安','yl','18413321321',1,'2019-04-10 23:29:39',7),('1f68db4d-cec8-4f01-9c20-06ece2ae6cae',68,'Z西安','yl','18713321321',1,'2019-04-11 21:24:57',7),('22772124-87c1-43ff-af58-bb8509541641',89,'Z西安','yl','18413321321',1,'2019-04-11 21:25:01',7),('256a519c-a967-4fb3-80c3-732702265960',89,'哈哈哈哈啊啊啊','yl','18211111111',1,'2019-04-11 21:25:03',7),('28909796-8cbc-4925-ab0a-edfaad71fc7f',20,'Z西安','yl','18413321321',1,'2019-04-11 21:25:05',7),('2b78d6bb-850e-484d-b910-0248db053fa8',40,'Z西安','yl','18413321321',1,'2019-04-11 21:25:07',7),('2f7b4993-af79-48af-9f30-78fb25c91087',46,'Z西安','yl','18413321321',1,'2019-04-11 21:25:08',7),('305a7870-3820-4079-b6f9-5d2b63cbcd2a',59,'北京市昌平区建材城西路金燕龙办公楼','huangyun','13041019968',1,'2019-04-11 21:25:09',3),('32044de0-2080-44e9-9499-8e54992cae75',89,'发达','yl','18413321321',1,'2019-04-11 21:25:09',7),('32e5fc52-01a9-4f2c-b208-d26a5f870f76',79,'Z西安','yl','18413321321',1,'2019-04-11 21:25:10',7),('3726dc9e-2d81-4fd2-b146-76f353179720',26,'Z西安','yl','18413321321',1,'2019-04-11 21:25:11',7),('3a9b0aa6-6a35-48d1-903d-891e8a34c13c',50,'哈哈哈哈啊啊啊','yl','18413321321',1,'2019-04-11 21:25:13',7),('3d3a836a-13bf-4730-b2f3-02513baaf81b',20,'Z西安','yl','18413321321',1,'2019-04-11 21:25:12',7),('492e9e12-b624-4b54-a4a6-9172c87a2e68',115,'123aeqww','yl','18413321321',1,'2019-04-11 21:25:14',7),('4b0679bd-857e-46bc-90b1-f91e4cb82e8f',50,'发达','yl','18234541111',0,'2019-04-03 00:15:45',7),('4cd01465-1dcb-4595-809c-f54a51b23962',50,'哈哈哈哈哈','yl','18413321321',0,'2019-04-10 23:53:48',7),('4f1a50c4-bf93-48af-93e8-d91d2d37ab6f',89,'Z西安','yl','18413321321',0,'2019-04-08 22:49:14',7),('55ad6f8b-e223-4b59-819b-95a641ef6120',45,'Z西安','yl','18413321321',0,'2019-04-10 22:40:18',7),('5b6da5b4-11b0-45f2-a3c7-daa19f94ec8d',26,'123aeqww','yl','18413321321',0,'2019-04-07 13:04:55',7),('5e216740-b3fb-4ab4-ba3a-f1644d9accdf',54,'Z西安','yl','18245453532',0,'2019-04-03 00:13:14',7),('611f80fa-4273-4674-be09-9530b6276e15',89,'北京市海淀区清河永泰园5号楼501','huangyun','13041019968',1,'2016-01-10 18:00:36',3),('65264e0d-9063-481e-8f79-324a1524bc59',20,'哈哈哈哈哈','yl','18413321321',0,'2019-04-09 00:26:55',7),('661a8310-244c-4dfd-bb09-d56c76b4b8dd',20,'123aeqww','yl','18314133223',0,'2019-04-03 00:10:58',7),('677a7314-0e16-4e18-8aec-552f848e0d75',65,'北京市昌平区','hanyongmeng','15207545526',0,'2016-05-18 11:33:25',4),('6f591522-7a2a-4a31-899d-ef1181c72f5f',25,'北京市昌平区金燕龙办公楼一层传智播客','madan','13269219270',1,'2019-04-11 21:25:20',2),('77cd8758-e40d-41c1-8925-d6fb117a15b1',89,'哈哈哈哈哈','yl','18413321321',0,'2019-04-08 22:52:07',7),('78a16534-c5d2-4621-b257-aeeb590f5253',20,'Z西安','yl','18413321321',0,'2019-04-08 22:28:02',7),('7ae96e6d-4600-41a5-bc5d-143b34ba61db',35,'北京市昌平区建材城西路','madan','13269219270',0,'2016-02-25 10:44:56',2),('80ea5e1e-7b29-4c38-920a-e4400b4d308c',59,'Z西安','yl','18413321321',1,'2019-04-11 21:25:19',7),('8670548e-4cff-4251-a850-c8a3eb73b642',59,'发达','yl','18913321321',0,'2019-04-09 00:48:58',7),('9323d4f5-0b9c-4329-9ade-b42154be3622',20,'Z西安','yl','18913321321',0,'2019-04-11 00:06:47',7),('937b26bf-06fe-4004-a8db-6745bb0bad59',163,'Z西安','yl','18713321321',1,'2019-04-11 21:25:17',7),('964fb6fd-1526-4b25-b991-3b4577c6824a',20,'Z西安','yl','18413321321',0,'2019-04-10 23:15:29',7),('97471645-8aed-48c2-811f-46970ac0eea6',20,'Z西安','yl','18713321321',0,'2019-04-11 00:09:03',7),('9757b26a-4f69-4898-9489-55e7335efb93',20,'哈哈哈哈啊啊啊','yl','18211111111',0,'2019-04-11 21:23:54',7),('9bee94f5-cbef-4eb0-a664-001568ca94d0',89,'Z西安','yl','18713321321',1,'2019-04-11 21:25:20',7),('a238473e-3b1d-4205-8e8e-d4af1c6e76d4',88,'Z西安','yl','18713321321',1,'2019-04-11 21:25:22',7),('a5bfb13d-9085-4374-94d9-4864b4d618ab',25,'海淀区圆明园西路','hanyongmeng','13455260812',1,'2016-02-25 10:43:40',4),('a5fe6f47-e533-46e5-8e99-18a010d10d37',35,'Z西安','yl','18413321321',0,'2019-04-10 23:20:01',7),('ad49e444-5276-448c-aa70-9db333862ae1',20,'123aeqww','yl','18413321321',1,'2019-04-11 21:25:23',7),('bbd5b199-e85a-49e4-b0fa-637840205757',26,'哈哈哈哈哈','yl','18413321321',0,'2019-04-09 00:52:29',7),('bcec4100-59af-4480-8530-a5ff024432ac',20,'Z西安','yl','18413321321',0,'2019-04-08 22:44:43',7),('bf2f5230-b98e-4db0-b785-d5e037351495',89,'Z西安','yl','18413321321',1,'2019-04-11 21:25:24',7),('c0b4ef87-743f-45b6-9084-ba5ef18a30be',89,'哈哈哈哈哈','yl','18413321321',0,'2019-04-08 22:52:01',7),('c33689dc-6d63-4d04-86a5-0cad14264636',89,'哈哈哈哈哈','yl','18413321321',1,'2019-04-11 21:25:28',7),('c4b2bfff-1694-4e28-bcf8-fa7169bfc978',129,'北京市昌平区北七家镇','hanyongmeng','15207545526',1,'2016-05-18 10:36:22',4),('c6cb84c2-3e27-43d9-9924-ea1f2fbd7d58',54,'Z西安','yl','18413321321',0,'2019-04-10 22:39:09',7),('c7f44702-f69d-4451-b496-5079478c3d72',89,'发达','yl','18413321321',1,'2019-04-11 21:25:25',7),('cb050414-0f5b-4589-80a0-53b07054a85c',20,'Z西安','yl','18413321321',0,'2019-04-10 23:43:23',7),('cfd22622-357a-4def-9a25-c2fa12336a21',54,'Z西安','yl','18413321321',0,'2019-04-11 00:08:04',7),('d19d8338-e0ee-4319-8095-dda74f85453b',68,'Z西安','yl','18413321321',0,'2019-04-08 21:53:41',7),('d1a0fc5f-257a-40b7-b8dd-4f66f34ab4f7',20,'Z西安','yl','18413321321',0,'2019-04-09 00:29:06',7),('d49d68e5-9047-4a95-9578-ec04d114632f',35,'Z西安','yl','18413321321',0,'2019-04-10 22:50:15',7),('d530010c-c162-4019-a6e4-3d0c8821fd21',54,'发达','yl','18413321321',0,'2019-04-07 13:02:23',7),('d87a7046-477c-4229-900a-ac667c6be12e',103,'Z西安','yl','18713321321',0,'2019-04-08 21:45:24',7),('d88d75cd-15e3-4622-801d-4cad902aeaa1',25,'北京市昌平区建材城西路金燕龙办公楼','hanyongmeng','13848399998',1,'2016-02-25 10:44:23',4),('da5d5b3d-8523-4976-b67a-4db49af85b03',54,'哈哈哈哈啊啊啊','yl','18413321321',0,'2019-04-11 19:03:02',7),('dbca68cc-3b3f-454d-9974-ecf9534be5e7',50,'Z西安','yl','18413321321',0,'2019-04-08 21:55:33',7),('e4e5fc08-dea0-494b-930d-94749c77da58',122,'123aeqww','yl','18733213212',0,'2019-04-07 12:52:09',7),('eb85f705-88be-4f61-8e39-3107a41ff2d9',64.5,'哈哈哈哈啊啊啊','yl','18211111111',0,'2019-04-11 21:24:24',7),('ef4232e5-09fe-4eb0-884a-fe6c1b58a27d',20,'123aeqww','yl','18141332132',0,'2019-04-07 11:25:20',7),('f43edf62-2613-4504-8a47-33d382ff98ea',50,'Z西安','yl','18413321321',0,'2019-04-08 22:20:40',7),('f7724e61-ac11-493d-8229-5fc595a2b890',59,'Z西安','yl','18413321321',0,'2019-04-10 23:14:54',7),('f87f3def-581c-471d-9251-b6e503b5be8c',68,'哈哈哈哈啊啊啊','yl','18211111111',0,'2019-04-11 21:24:06',7),('f8e5a589-29bd-428e-9d2f-3ebe5a2db8cb',89,'发达','yl','18413321321',0,'2019-04-08 22:51:05',7),('fa93fb38-58b7-4f00-b736-5d1dbb93da3b',26,'123aeqww','yl','18713321321',0,'2019-04-07 13:35:44',7),('fdb4bab0-8a70-4207-ae92-1b616f279b5a',20,'Z西安','yl','18913321321',0,'2019-04-09 00:50:04',7),('ff308e2c-fe73-437f-89b2-4e1baf1b5a6d',26,'123aeqww','yl','18413321321',0,'2019-04-07 13:46:05',7);

/*Table structure for table `products` */

DROP TABLE IF EXISTS `products`;

CREATE TABLE `products` (
  `id` varchar(100) NOT NULL DEFAULT '',
  `name` varchar(40) DEFAULT NULL,
  `price` double DEFAULT NULL,
  `category` varchar(40) DEFAULT NULL,
  `pnum` int(11) DEFAULT NULL,
  `imgurl` varchar(100) DEFAULT NULL,
  `description` varchar(255) DEFAULT NULL,
  PRIMARY KEY (`id`)
) ENGINE=InnoDB DEFAULT CHARSET=utf8;

/*Data for the table `products` */

insert  into `products`(`id`,`name`,`price`,`category`,`pnum`,`imgurl`,`description`) values ('26ddd0c6-d7f2-4a83-b01b-286bb8c38420','.net设计规范',50,'计算机',10,'/productImg/12/13/bba5ddf2-2a56-4a88-9d1b-abc8e0202ec9.jpg',''),('27551ae7-8ef6-4af2-8a99-9a24c0e40e72','范例',68,'文学',16,'/productImg/11/15/1dc48016-3ff8-47c0-8bd3-171770bb4fdb.jpg','范例'),('3a0196b2-71c1-4d4d-a4e8-d1f875096f00','网管员必备宝典',20,'计算机',1000,'/productImg/4/3/0270eba2-2b48-48df-956b-0341204384d9.jpg','计算机类'),('3cdd01d2-95d4-4077-b512-ff4c3b340d6b','学会宽容',25,'文学',452,'/productImg/6/5/a2da626c-c72d-4972-83de-cf48405c5563.jpg','该书阐述了宽容是一种智慧和力量，是对生命的洞悉，是成长的绿荫，更是家庭幸福的秘诀。常用宽容的眼光看世界，事业、家庭和友谊才能稳固和长久。'),('4dbac6bb-ac2a-4ea0-a62f-ea5a2fc2b3c2','杜拉拉升职记',54,'原版',194,'/productImg/5/8/c4ab442f-95c7-4d6f-a57e-3eb7dc6b83c4.jpg','职场生活'),('67a44950-935a-4dac-953d-515fd92d8174','时空穿行',42,'科技',200,'/productImg/12/12/6cc3c25b-2475-496e-9ad7-5e9491e7aaf8.jpg','《时空穿行(中国乡村人类学世纪回访)》对20世纪80年代以来中国云南大理西镇、广东潮州凤凰村、华南茶山等八个代表性乡村田野进行调查，探讨了中国乡村文化的多样性、宗族制度、农民社会等课题。'),('72c52302-cd1e-4a22-8ac8-dc300a915be5','培育男孩',59,'社科',91,'/productImg/3/1/81967f4f-0a39-4b03-8ecc-053365a35605.jpg','如何教育孩子'),('79bbe618-d2f8-4081-b35a-62ebbe938b64','Java基础入门',44.5,'计算机',602,'/productImg/9/0/697a23d6-225a-41a3-8c20-7ab624265ecc.png','《Java基础入门》从初学者的角度详细讲解了Java开发中重点用到的多种技术。全书共11章，包括Java开发环境的搭建及其运行机制、基本语法、面向对象的思想，采用典型翔实的例子、通俗易懂的语言阐述面向对象中的抽象概念。在多线程、常用API、集合、IO、GUI、网络编程章节中，通过剖析案例、分析代码结构含义、解决常见问题等方式，帮助初学者培养良好的编程习惯。最后，讲解了Eclipse开发工具，帮助初学者熟悉开发工具的使用。'),('84c842da-16b6-4e87-953e-859a1ca62bab','赢在影响力',89,'励志',35,'/productImg/2/8/acc9d557-f8c9-426b-9aec-50a5a7cf3960.jpg','《赢在影响力：人际交往的学问》创造了全球出版史上空前的发行记录。它深深地触动着读者的神经，满足了他们在人性方面的需要，因此成为经济萧条后期超越流行的读物。它居高不下的销售记录一直持续至20世纪80年代，经历了几乎半个世纪。'),('8740bee0-bfb8-4ba1-8f6e-b69310617db9','大勇和小花的欧洲日记',26,'生活百科',97,'/productImg/3/0/3253aeee-5462-47d0-991c-afb568ab3b03.jpg','《大勇和小花的欧洲日记》串起了欧洲文明的溯源之旅。从屹立在近现代艺术之巅的巴黎拾级而下，依次是蓬皮杜博物馆（现代艺术）、奥塞博物馆（印象派艺术）、卢浮宫博物馆（古典主义）。在这里，蒙娜丽莎向文艺复兴的故乡微笔，那是意大利的佛罗伦萨。达芬奇、米开朗琪罗、拉菲尔等巨匠们开创了文艺复兴运动，他们心中的圣地是希腊，似乎已到了起源。然而，这并未到头，与这源头对接的还有遥远的希腊神话，其中有大西洲的传说。在希腊小岛圣托里尼，你看见Atlantica酒店吗？那是人们为大西洲刻下的念想。'),('880fdb00-6798-4302-962b-f337f3393802','Java Web程序开发入门',44.5,'计算机',100,'/productImg/9/3/eac105d4-4ab5-4af9-9061-e255016b79d9.png','本书为Java Web开发入门教材，让初学者达到能够灵活使用Java语言开发Web应用程序的程度。为了让初学者易于学习，本书力求内容通俗易懂，讲解寓教于乐，同时针对书中的每个知识点，都精心设计了经典案例，让初学者真正理解这些知识点在实际工作中如何去运用。'),('8c19d2e2-1020-425d-aeeb-56d3c1bc0a81','谁动了我的奶酪',26,'少儿',196,'/productImg/14/11/ebcee924-7d42-43f8-b974-fbdb900bdb58.jpg','儿童作品'),('968df3a0-be4d-473e-85a8-d3466b4ca7c2','别做正常的傻瓜',18,'励志',2020,'/productImg/14/1/792116e7-6d83-4be4-b3e5-4dd11b0b4565.jpg','本书结合了作者十余年的教学经验，融合了诺贝尔奖得主及其他学者数十年的研究成果，用深入浅出的方法帮助你发现自己决策中的误区，从而使你比大多数人少几分正常，多几分理性，本书所涉及的决策范围广，包括购买什么商品，和什么人结婚，雇用哪些员工，投资什么股票等等。除非你从不做决策，否则本书对你一定有所借鉴。'),('9a7af97e-deea-417e-ad66-23ea755d2a51','培育男孩',25,'生活',80220,'/productImg/2/7/7ede11f8-3ff9-4c12-ad58-b1d5e0e72032.jpg','本书是美国著名家庭问题和儿童教育问题专家、畅销书作家詹姆士·杜布森的新作。全书围绕值得令人类关注的培育男孩问题，讨论了家庭教育、学校教育、父母关爱，以及整个社会文化对男孩成长的影响。针对美国社会普遍存在的男孩教育问题，如父亲缺席、母亲上班、暴力泛滥、单亲家庭、同性恋、学校对男孩特点的忽视等等，提出了自己的看法和解决思路，具有很强的指导性和可操作性，是父母、教师和青年工作者的必读参考书。'),('adc06981-0dc9-4006-b763-e6413ee93ac1','travelbook',20,'外语',15,'/productImg/15/1/5394df32-ed6e-4203-b9c0-fc175cfc187e.jpg',''),('bdb32537-8f2c-4ba2-a752-94fdc0e9a250','经济案例解析',35,'经营',95,'/productImg/11/1/8efe720f-fa72-435b-a3c3-69230f9677cc.jpg',''),('bf66a00c-4a78-458b-93c8-08896ee14976','美国纽约摄影学院摄影教材',45,'艺术',98,'/productImg/13/2/20788b05-d298-4a7c-91d9-370fb056f6a5.jpg','艺术教材'),('c85d68d3-5758-494e-8dcf-f4f84d852949','系统分析师教程',54,'考试',297,'/productImg/5/11/e4d290ce-3355-466f-a51e-13c62552d2cb.jpg','系统分析师'),('cb22386f-0b77-454c-976f-d6417ad72613','中国国家地理',20,'学术',16020,'/productImg/2/0/2105fbe5-400f-4193-a7db-d7ebac389550.jpg','《中国国家地理》，原名《地理知识》，是关于地理的月刊，该刊的文章和图片经常被中央及地方媒体转载。具有很强的可读性和收藏价值，国内外很多家图书馆已经把该刊作为重点收藏期刊。内容以中国地理为主，兼具世界各地不同区域的自然、人文景观和事件，并揭示其背景和奥秘，另亦涉及天文、生物、历史和考古等领域。是中国大陆著名的有关地理的杂志。因该社隶属中国科学院，有一大批自然地理和人文地理的专家学者作为该社顾问，同时还有许多战斗在科考第一线的工作者与杂志社保持着密切联系，因此具有很强的独家性和权威性。');

/*Table structure for table `user` */

DROP TABLE IF EXISTS `user`;

CREATE TABLE `user` (
  `id` int(11) NOT NULL AUTO_INCREMENT,
  `username` varchar(20) NOT NULL,
  `PASSWORD` varchar(20) NOT NULL,
  `gender` varchar(50) DEFAULT NULL,
  `email` varchar(50) DEFAULT NULL,
  `telephone` varchar(20) DEFAULT NULL,
  `introduce` varchar(100) DEFAULT NULL,
  `activeCode` varchar(50) DEFAULT NULL,
  `state` int(11) DEFAULT '0',
  `role` varchar(10) DEFAULT '普通用户',
  `registTime` timestamp NOT NULL DEFAULT CURRENT_TIMESTAMP ON UPDATE CURRENT_TIMESTAMP,
  PRIMARY KEY (`id`)
) ENGINE=InnoDB AUTO_INCREMENT=33 DEFAULT CHARSET=utf8;

/*Data for the table `user` */

insert  into `user`(`id`,`username`,`PASSWORD`,`gender`,`email`,`telephone`,`introduce`,`activeCode`,`state`,`role`,`registTime`) values (1,'admin','123456','男','huan9yun@163.com','13041019968','我是超级管理员，我可以登录后台管理系统','49338fdc-d8c9-46fa-8391-0fac7bf09707',1,'超级用户','2015-03-19 16:16:40'),(2,'madan','123456','女','huan9yun@163.com','13269219270','我是一个课程设计师','c1cc1229-f0ac-41b4-920c-dfef9f8a96a3',1,'普通用户','2015-03-19 18:12:36'),(3,'huangyun','123456','男','huan9yun@163.com','13041019968','大家好，我是黄云','d0827d1d-dc0d-4cdc-8710-678ce917880e',1,'普通用户','2015-03-20 17:36:38'),(4,'hanyongmeng','123456','男','itcast_hym@163.com','15207545526','课程设计师','da483412-1e34-43cf-aef2-4925748c811d',1,'普通用户','2016-01-21 15:19:32'),(5,'tianjiao','123456','男','hanyongmeng@126.cn','','','f8173f4f-debe-4d32-8117-b228d555d822',0,'普通用户','2016-02-18 15:32:01'),(7,'yl','123456','男','12w@we.com','18211111111','2143242r2',NULL,0,'普通用户','2019-04-11 21:21:19'),(8,'yl2','123456','男','12w@we.cn','1431413321321','123131',NULL,0,'普通用户','2019-03-28 23:47:20'),(9,'yl2','123456','男','12w@we.cn','21321321312','1231231',NULL,0,'普通用户','2019-03-28 23:48:59'),(10,'yl2','123456','男','12w@we.cn','1321312313','eqweq',NULL,0,'普通用户','2019-03-28 23:53:05'),(11,'yl3','123456','男','12w@we.com','','',NULL,0,'普通用户','2019-03-29 00:40:53'),(12,'yl3','123456','男','12w@we.com','','',NULL,0,'普通用户','2019-03-29 00:40:53'),(13,'yl3','123456','男','12w@we.com','','',NULL,0,'普通用户','2019-03-29 00:40:53'),(14,'yl3','123456','男','12w@we.com','','',NULL,0,'普通用户','2019-03-29 00:40:53'),(15,'yl3','123456','男','12w@we.com','','',NULL,0,'普通用户','2019-03-29 00:40:53'),(16,'yl3','123456','男','12w@we.com','','',NULL,0,'普通用户','2019-03-29 00:40:53'),(17,'yl3','123456','男','12w@we.com','','',NULL,0,'普通用户','2019-03-29 00:40:53'),(18,'yl3','123456','男','12w@we.com','','',NULL,0,'普通用户','2019-03-29 00:40:53'),(19,'yl3','123456','男','12w@we.com','','',NULL,0,'普通用户','2019-03-29 00:40:53'),(20,'yl4','123456','男','12w@we.cn','','',NULL,0,'普通用户','2019-03-29 00:42:04'),(21,'yl4','123456','男','12w@we.cn','','',NULL,0,'普通用户','2019-03-29 00:42:34'),(22,'yl4','123456','男','12w@we.cn','','',NULL,0,'普通用户','2019-03-29 00:45:04'),(23,'yl4','123456','男','12w@we.cn','','',NULL,0,'普通用户','2019-03-29 00:47:41'),(24,'yl7','123456','男','12w@we.cn','','',NULL,0,'普通用户','2019-03-29 23:47:02'),(25,'yl4','123456','男','12w@we.com','','',NULL,0,'普通用户','2019-03-29 23:54:05'),(26,'yl4','123456','男','12w@we.cn','','',NULL,0,'普通用户','2019-03-29 23:59:47'),(27,'yl8','123456','男','12w@we.cn','','',NULL,0,'普通用户','2019-03-30 00:06:43'),(28,'yl9','123456','男','12w@we.cn','','',NULL,0,'普通用户','2019-03-30 00:15:46'),(29,'yl4','123456','男','12w@we.cn','','',NULL,0,'普通用户','2019-03-30 00:25:48'),(30,'yl10','123456','男','12w@we.cn','','',NULL,0,'普通用户','2019-03-30 00:39:29'),(31,'zd','123456','男','12w@we.cn','','',NULL,0,'普通用户','2019-03-30 00:45:34'),(32,'yll','123456','男','12w@we.cn','','',NULL,0,'普通用户','2019-04-09 22:53:10');

/*!40101 SET SQL_MODE=@OLD_SQL_MODE */;
/*!40014 SET FOREIGN_KEY_CHECKS=@OLD_FOREIGN_KEY_CHECKS */;
/*!40014 SET UNIQUE_CHECKS=@OLD_UNIQUE_CHECKS */;
/*!40111 SET SQL_NOTES=@OLD_SQL_NOTES */;
